ya	ar
jama3a	ar
yesterday	en
ana	ar
upgraded	en
my	en
iPhone	ne
w	ar
wallah	ar
battery	en
lifetime	en
waid	ar
zain	ar

sho	ar
ra2ykom	ar
fi	ar
PUBG	ne
update	en
el	ar
gadeed	ar
walla	ar
boring	en

ya	ar
akhi	ar
el	ar
ping	en
indi	ar
high	en
jiddan	ar
w	ar
mesh	ar
gader	ar
play	en
ma3akom	ar

download	en
WhatsApp	ne
business	en
ashan	ar
nuset	ar
reply	en
la	ar
el	ar
customers	en

wiin	ar
enta	ar
ya	ar
rejal	ar
kell	ar
el	ar
shabab	ar
online	en
fi	ar
PlayStation	ne

Samsung	ne
camera	en
mashaallah	ar
gawiyeh	ar
bas	ar
software	en
teba3hom	ar
khara	ar

yalla	ar
enter	en
el	ar
lobby	en
sar	ar
waqt	ar
el	ar
match	en
ya	ar
shabab	ar

khalas	ar
ana	ar
deleted	en
TikTok	ne
min	ar
phone	en
dyi	ar
yasawi	ar
headache	en

hadha	ar
el	ar
game	en
requires	en
graphics	en
card	en
gawi	ar
jiddan	ar

shof	ar
el	ar
notification	en
elli	ar
weselni	ar
men	ar
Instagram	ne
el	ar
in	en
storah	ar

liish	ar
el	ar
screen	en
teba3i	ar
frozen	en
kida	ar
faj2ah	ar
ya	ar
muhamed	ne

khallina	ar
nelaab	ar
FIFA	ne
el	ar
leila	ar
w	ar
show	en
me	en
your	en
skills	en

ana	ar
waiting	en
el	ar
package	en
tousal	ar
min	ar
Amazon	ne
min	ar
subooh	ar

shaghel	ar
el	ar
VPN	en
ashan	ar
net	en
ykon	ar
asra3	ar
w	ar
mashi	ar

ay	ar
version	en
men	ar
iOS	ne
enta	ar
installetha	ar
el	ar
yom	ar

Call	en
of	en
Duty	en
el	ne
gadeed	ar
fihi	ar
bugs	en
waid	ar

sho	ar
ra2yak	ar
na5od	ar
PlayStation	ne
wala	ar
nesta5dem	ar
PC	en
ahsan	ar

battery	en
teba3	ar
el	ar
iPad	ne
khal9ha	ar
daye3	ar
w	ar
lazem	ar
change	en

shof	ar
el	ar
story	en
teba3i	ar
fi	ar
Snapchat	ne
w	ar
kteb	ar
comment	en

enta	ar
ma	ar
tenders	en
el	ar
messages	en
la	ar
liish	ar
mata	ar
online	en

ya	ar
zalami	ar
el	ar
lecture	en
taba3	ar
el	ar
biochem	en
kteer	ar
maliha	ar

shu	ar
reje3t	ar
min	ar
el	ar
exams	en
w	ar
enta	ar
mesh	ar
faham	ar
shi	ar

ana	ar
da5elet	ar
da5el	ar
el	ar
hall	en
w	ar
mesh	ar
a3ref	ar
wala	ar
so2al	ar

dr	en
rami	ne
qal	ar
enno	ar
el	ar
quiz	en
rah	ar
ykon	ar
sa3b	ar
kteer	ar

ya	ar
sahbi	ar
el	ar
assignment	en
taba3i	ar
khalas	ar
w	ar
saweyto	ar
kolo	ar

enta	ar
rayeh	ar
3al	ar
university	en
el	ar
yom	ar
wela	ar
la2	ar

ma	ar
3andi	ar
w2t	ar
la	ar
nnam	ar
w	ar
el	ar
midterm	en
ba3d	ar
bukra	ar

shlon	ar
el	ar
marks	en
taba3	ar
el	ar
math	en
zahqetna	ar
hal	ar
mowade	ar

ya	ar
zalameh	ar
ana	ar
ma	ar
ftahat	ar
el	ar
book	en
taba3	ar
el	ar
physics	en

inshaallah	ar
najeh	ar
bi	ar
el	ar
course	en
hadi	ar
w	ar
nerteah	ar

shu	ar
ra2yak	ar
ne3mel	ar
study	en
group	en
bi	ar
el	ar
library	en

el	ar
prof	en
cancel	en
el	ar
lecture	en
taba3	ar
el	ar
yawm	ar

ana	ar
daye3	ar
w	ar
mesh	ar
3aref	ar
shu	ar
el	ar
material	en
el	ar
required	en

tkallam	ar
ma3i	ar
ba3d	ar
el	ar
lecture	en
lanno	ar
ana	ar
busy	en

yalla	ar
ya	ar
shabab	ar
ne	ne
rouh	ar
3al	ar
cafeteria	en
neshrab	ar
gahwa	ar

el	ar
semester	en
hada	ar
kteer	ar
ta3eb	ar
w	ar
el	ar
pressure	en
3ali	ar

ya	ar
zalami	ar
el	ar
questions	en
taba3	en
el	ar
exam	en
kano	ar
kteer	ar
tough	en

min	ar
fadlak	ar
be3etli	ar
el	ar
notes	en
taba3	ar
el	ar
chapter	en
el	ar
awal	ar

ana	ar
raje3	ar
3al	ar
bayt	ar
lanno	ar
el	ar
battery	en
taba3	ar
el	ar
laptop	en
khalas	ar

marhaba	ar
ya	ar
shabab	ar
mitta	ar
baddkom	ar
nakhudh	ar
iftar	ar
together	en
this	en
week	en

ya	ar
rabei	ar
ana	ar
hungry	en
kill	en
me	en
w	ar
il	ar
soom	ar
ta3ab	ar
hal	ar
yom	ar

sho	ar
ra2ykom	ar
nrooh	ar
al	ar
majlis	ar
ba3d	ar
al	ar
tarawih	ar
night	en

ya	ar
kareem	ar
insha2allah	ar
god	en
help	en
us	en
fi	ar
hatha	ar
shahar	ar

ween	ar
nass	ar
ra7at	ar
ana	ar
waiting	en
anticipating	en
futoor	ar
min	ar
zaman	ar

ya	ar
akhi	ar
please	en
send	en
li	ar
location	en
mal	ar
al	ar
khaimah	ar
fast	en

aywa	ar
wallah	ar
ramadan	ar
kareem	ar
bas	ar
traffic	en
is	en
too	en
crazy	en
today	en

khallina	ar
nxouf	ar
ba3d	ar
al	ar
futoor	ar
for	en
some	en
gahwa	ar
and	en
dates	en

ya	ar
rab	ar
al	ar
day	en
is	en
long	en
bas	ar
sabr	ar
jamil	ar

sho	ar
baddik	ar
tشتري	ar
lah	ar
labsa	ar
eid	ar
shopping	en
trip	en
tomorrow	en

yalla	ar
guys	en
let	en
us	en
go	en
nshoof	ar
al	ar
fireworks	en
fi	ar
dubai	ne

ana	ar
tired	en
min	ar
al	ar
cooking	en
koll	ar
al	ar
nhar	ar
for	en
family	en

eid	ar
mubarak	ar
my	en
friend	en
kol	ar
am	ar
w	ar
enta	ar
bikhair	ar

ween	ar
al	ar
3idiyah	ar
malati	ar
i	en
am	en
still	en
waiting	en

shukran	ar
jazilan	ar
for	en
the	en
delicious	en
luqaimat	ar
ya	ar
7abibi	ar

ya	ar
3amm	ar
give	en
me	en
discount	en
la	ar
malabis	ar
al	ar
eid	ar

baddna	ar
nrooh	ar
market	en
fi	ar
sharjah	ne
to	en
buy	en
bakhoor	ar

khalas	ar
i	en
will	en
meet	en
you	en
3ind	ar
al	ar
mosque	en
before	en
prayer	en

ya	ar
shabab	ar
don	en
forget	en
zakat	ar
al	ar
fitr	ar
please	en

al	ar
jaww	ar
al	ar
lyom	ar
jamil	ar
perfect	en
for	en
kheyam	ar
ramadan	ar

sho	ar
ra2yik	ar
bil	ar
match	en
el	ar
lyom	ar

walaw	ar
el	ar
Ahli	ne
will	en
win	en
today	en

ma	ar
mumkin	ar
yefozon	ar
baddal	ar
defense	en
kteer	ar
weak	en

ya	ar
zamel	ar
el	ar
coach	en
lazim	ar
yghayyer	ar
el	ar
tactic	en

ana	ar
ready	en
nshoof	ar
el	ar
game	en
fee	ar
coffee	en
shop	en

yalla	ar
rooh	ar
nakol	ar
shay	ar
gabel	ar
el	ar
match	en
start	en

men	ar
betshajja3	ar
in	en
this	en
tournament	en

Real	ne
Madrid	ne
hay	ar
el	ar
sana	ar
mesh	ar
good	en

sho	ar
hada	ar
el	ar
referee	en
blind	en
wallah	ar

el	ar
player	en
da	ar
fast	en
kteer	ar
bil	ar
counter	en
attack	en

balsaraaha	ar
el	ar
stadium	en
atmosphere	en
fabulous	en

tkallam	ar
arabic	en
ya	ar
kbeer	ar
sho	ar
bik	ar

el	ar
match	en
kan	ar
boring	en
bas	ar
el	ar
goal	en
was	en
amazing	en

inshallah	ar
our	en
team	en
will	en
lift	en
el	ar
trophy	en
lyom	ar

sho	ar
had	ar
el	ar
injury	en
ya	ar
sater	ar

mesh	ar
possible	en
koll	ar
el	ar
stars	en
injured	en

ana	ar
betwaqa3	ar
draw	en
between	en
them	en

ya	ar
habibi	ar
football	en
fyh	ar
kol	ar
shi	ar
possible	en

yalla	ar
bas	ar
hurry	en
up	en
el	ar
match	en
started	en

ya	ar
shabab	ar
al	ar
wasl	ne
match	en
al	ar
leilah	ar
wala	ar
sho	ar

sho	ar
ra2ykom	ar
fi	ar
al	ar
referee	en
al	ar
yoom	ar
khala9	ar
ana	ar
shofteh	ar
clear	en
penalty	en

allah	ar
ya	ar
3inam	ar
sho	ar
ha	ar
al	ar
performance	en
al	ar
layl	ar
marra	ar
strong	en

khalfan	ne
ma	ar
sha	ar
allah	ar
3aleh	ar
best	en
player	en
al	ar
yoom	ar
wallah	ar

shabab	ar
min	ar
yebaghi	ar
ticket	en
ha	ar
al	ar
match	en
al	ar
mohemm	ar

al	ar
ain	ne
team	en
play	en
so	en
good	en
walakin	ar
al	ar
defense	en
weak	en

yalla	ar
nروح	ar
cafe	en
and	en
watch	en
real	ne
madrid	ne
match	en
now	en

hajez	ar
al	ar
table	en
in	en
al	ar
majlis	ar
before	en
al	ar
game	en
start	en

shlon	ar
al	ar
coach	en
yakhalli	ar
ha	ar
al	ar
player	en
out	en
yaani	ar
ma	ar
afham	ar

al	ar
match	en
kan	ar
habeet	ar
bas	ar
al	ar
weather	en
hot	en
marra	ar

manchester	ne
city	ne
match	en
today	en
very	en
exciting	en
ya	ar
3yal	ar

sho	ar
al	ar
goal	en
al	ar
kabeer	ar
li	ar
saeed	ne
sajib	ar
yestahel	ar
al	ar
jaww	ar

ana	ar
baker	ar
fi	ar
al	ar
stadium	en
so	en
come	en
fast	en
habibi	ar

al	ar
jazeera	ne
club	en
will	en
win	en
al	ar
league	en
this	en
season	en
inshallah	ar

shouf	ar
al	ar
slow	en
motion	en
ha	ar
ball	en
was	en
out	en
ya	ar
rabea	ne

liysh	ar
al	ar
fans	en
not	en
come	en
today	en
al	ar
match	en
important	en
marra	ar

ya	ar
3li	ne
bring	en
water	en
and	en
snacks	en
before	en
al	ar
second	en
half	en

al	ar
injury	en
diet	ar
mallkhail	ne
is	en
big	en
loss	en
ha	ar
season	en

sho	ar
al	ar
result	en
al	ar
final	en
ana	ar
forget	en
to	en
check	en
al	ar
score	en

wonderful	en
match	en
walakin	ar
we	en
need	en
better	en
striker	en
next	en
year	en

ya	ar
jma3a	ar
ween	ar
nbiga	ar
nakol	ar
al	ar
yom	ar

ana	ar
khatri	ar
fi	ar
burger	en
men	ar
Shake	ne
Shack	ne

la	ar
khal	ar
nThend	ar
maktous	ar
machi	ar
kabsa	ar

ya	ar
akhi	ar
al	ar
jaw	ar
har	ar
ma	ar
naqdar	ar
nrooh	ar
resturant	en

talab	ar
men	ar
Talabat	ne
w	ar
khalas	ar
riya7	ar
nafsak	ar

min	ar
bi	ar
ydfa3	ar
al	ar
delivery	en
fees	en
al	ar
yom	ar

ana	ar
ba	ar
طلب	ar
pizza	en
men	ar
Pizza	ne
Hut	ne
al	ar
qareeb	ar

yallah	ar
shababi	ar
kteb	ar
orders	en
qbl	ar
ma	ar
ysad	ar
al	ar
mat3am	ar

chno	ar
ra2yak	ar
nekl	ar
mshawi	ar
w	ar
hummus	ar
har	ar

wala	ar
shi	ar
ana	ar
shba3t	ar
bas	ar
bdir	ar
kahwa	ar
sauda	ar

وين	ar
al	ar
driver	en
tawal	ar
kthir	ar
fi	ar
al	ar
shari3	ar

al	ar
akl	ar
bard	ar
kollah	ar
la	ar
azem	ar
ntshen	ar
al	ar
microwave	en

aya	ar
7abibi	ar
jib	ar
ma3ak	ar
extra	en
sauce	en
please	en

men	ar
yabi	ar
karak	ar
w	ar
chips	en
oman	ne
al	ar
9ayla	ar

al	ar
hisab	ar
طلع	ar
ghali	ar
marah	ar
al	ar
mra	ar
hathi	ar

khaliha	ar
3alay	ar
ana	ar
badfa3	ar
cash	en
la	ar
tshil	ar
ham	ar

shlon	ar
al	ar
sushi	en
al	ar
jdid	ar
fi	ar
Al	ne
Bida	ne

yakhi	ar
ma	ar
a7ib	ar
al	ar
samak	ar
ana	ar
nakhbi	ar
laham	ar

khalas	ar
twasalna	ar
al	ar
order	en
w	ar
al	ar
ri7a	ar
tahal	ar

bil	ar
afia	ar
jma3a	ar
w	ar
nshofkm	ar
ba3den	ar
fi	ar
al	ar
lail	ar

salam	ar
ya	ar
sa7bi	ar
al	ar
za7ma	ar
today	en
mort	ar
kill	en

ana	ar
stuck	en
fi	ar
shari3	ar
zayed	ne
wallah	ar
mashakil	ar

ya	ar
rajal	ar
al	ar
traffic	en
fi	ar
dubai	ne
yza3al	ar
ktir	ar

shlonik	ar
enta	ar
ween	ar
woselt	ar
qbl	ar
al	ar
accident	en

shabab	ar
fi	ar
heavy	en
traffic	en
near	en
marina	ne
take	en
another	en
exit	en

wlh	ar
al	ar
road	en
kullo	ar
waqif	ar
ma	ar
fi	ar
haraka	ar

enta	ar
metakhir	ar
la	ar
tensa	ar
al	ar
meeting	en
m3ana	ar

abu	ne
dhabi	ne
highway	en
is	en
so	en
crowded	en
al	ar
yawm	ar

ya3ni	ar
shno	ar
hal	ar
za7ma	ar
min	ar
al	ar
saba7	ar

kif	ar
al	ar
wada3	ar
3nd	ar
sheikh	ne
zayed	ne
bridge	en

ana	ar
will	en
be	en
late	en
because	en
al	ar
signal	en
khrabana	ar

yallah	ar
takhroj	ar
al	ar
jaww	ar
hraq	ar
w	ar
al	ar
sayara	ar
harra	ar

shoof	ar
google	ne
maps	ne
w	ar
shof	ar
shari3	ar
tani	ar

al	ar
police	en
sakkaro	ar
al	ar
lane	en
fa	ar
fi	ar
delay	en

ya	ar
habibi	ar
dubai	ne
traffic	en
ma	ar
yokhalas	ar
abadan	ar

ana	ar
bikhair	ar
bs	ar
z2t	ar
fi	ar
al	ar
parking	en
keteer	ar

inshalla	ar
وصلت	ar
qbl	ar
al	ar
rush	en
hour	en

ay	ar
waqt	ar
enta	ar
coming	en
al	ar
office	en
ya	ar
basha	ar

al	ar
car	en
skhnat	ar
min	ar
al	ar
wquf	ar
al	ar
taweel	ar

khalf	ar
al	ar
mall	en
fi	ar
zahmat	ar
mot	ar
dakhilak	ar

salaam	ar
ya	ar
7abibi	ar
shnub	ar
naakol	ar
el	ar
yowm	ar

i	en
am	en
so	en
hungry	en
khatry	ar
fi	ar
mandi	ar
el	ar
leila	ar

let	en
us	en
order	en
from	en
al	ne
abraj	ne
ya	ar
refeeq	ar

rabee3i	ar
gal	ar
eno	ar
talabat	ne
is	en
very	en
slow	en
today	en

ween	ar
el	ar
menu	en
el	ar
jded	ar
mte3	ar
shurba	ar

shraik	ar
nakol	ar
burger	en
min	ar
hardees	ne

khalas	ar
ana	ar
will	en
drive	en
and	en
bring	en
karak	ar
for	en
everyone	en

el	ar
khouway	ar
wants	en
to	en
order	en
pizza	en
hut	ne
now	en

wallah	ar
el	ar
machboos	ar
hnaak	ar
very	en
delicious	en
yalla	ar
rooh	ar

she	en
said	en
she	en
does	en
not	en
like	en
spicy	en
food	en
abdan	ar

kam	ar
el	ar
hisab	ar
kollo	ar
ya	ar
kashcool	ar

please	en
no	en
basal	ar
in	en
my	en
sandwich	en
ya	ar
mudeer	ar

iftah	ar
el	ar
baab	ar
el	ar
delivery	en
man	en
has	en
arrived	en

shlon	ar
el	ar
shawarma	ar
fi	ar
zomorod	ne
cafe	en

this	en
restaurant	en
is	en
fully	en
booked	en
la	ar
tgol	ar
ma	ar
golt	ar

ana	ar
abga	ar
fresh	en
laban	ar
with	en
my	en
lunch	en

bikam	ar
el	ar
chicken	en
meal	en
at	en
al	ne
baik	ne

eywa	ar
i	en
want	en
extra	en
cheese	en
w	ar
shwayt	ar
chubz	ar

la	ar
tez3ajni	ar
i	en
am	en
eating	en
fish	en
and	en
chips	en

inshaallah	ar
bukra	ar
we	en
go	en
together	en
to	en
starbucks	ne

enta	ar
rag3	ar
el	ar
bet	ar
wella	ar
lsa	ar
fe	ar
Cairo	ne
Festival	ne
City	ne

ana	ar
ra7	ar
anzel	ar
Mall	en
of	en
Arab	ne
el	ar
sa3a	ar
el	ar
kam	ar

tegy	ar
nro7	ar
City	ne
Stars	ne
bukra	ar
w	ar
naghab	ar
coffee	en
fel	ar
cinema	ar

ya	ar
sa7by	ar
el	ar
zahma	ar
bteghnany	ar
ganb	ar
Mall	en
Mohandessin	ne

zomaret	ar
el	ar
weekend	en
bda2	ar
w	ar
ana	ar
lesa	ar
mesh	ar
3aref	ar
fain	ar

yalla	ar
bena	ar
nro7	ar
The	en
District	en
nakol	ar
haga	ar
helwa	ar

enta	ar
hategy	ar
Maadi	ne
Grand	ne
Mall	en
wella	ar
haver	ar
fain	ar

ana	ar
mostany	ar
ak	ar
odam	ar
Gate	en
four	en
ya	ar
sa7b	ar
el	ar
omry	ar

el	ar
shopping	en
fe	ar
Mall	en
of	en
Egypt	ne
ta3eb	ar
gedan	ar

mesh	ar
qader	ar
ashtry	ar
haga	ar
el	ar
flos	ar
khalset	ar
kolesh	ar

fe	ar
sale	en
gamed	ar
f	ar
Zara	ne
el	ar
naharda	ar

ya	ar
nhaar	ar
aswad	ar
el	ar
traffic	en
el	ar
re7la	ar
toul	ar

tegy	ar
neg3ad	ar
fe	ar
Starbucks	ne
w	ar
netkellem	ar
shwaya	ar

ana	ar
fe	ar
el	ar
tarik	ar
raye7	ar
Dandy	ne
Mall	en
insha2allah	ar

el	ar
cinema	ar
el	ar
omry	ar
fe	ar
Mall	en
of	en
Egypt	ne
gamda	ar
gdn	ar

khod	ar
your	en
time	en
w	ar
ta3al	ar
bessora3a	ar
yalla	ar

ana	ar
da5el	ar
el	ar
supermarket	en
ashtry	ar
shwayet	ar
nagaf	ar

fen	ar
enta	ar
ya	ar
bnaty	ar
ana	ar
wast	ar
el	ar
zohom	ar

yalla	ar
na2afel	ar
el	ar
kalam	ar
w	ar
nthrk	ar
now	en

salam	ar
ya	ar
fahed	ne
raye7	ar
el	ar
gym	en
lyom	ar

ey	ar
walla	ar
ana	ar
lazem	ar
lose	en
some	en
weight	en
hatha	ar
el	ar
usbwa3	ar

kam	ar
waznik	ar
el	ar
7een	ar
ya	ar
sahbi	ar

wallah	ar
sar	ar
around	en
ninety	en
kilos	en
w	ar
el	ar
diet	en
واجد	ar
difficult	en

la	ar
tkhali	ar
amal	ar
continue	en
heavy	en
lifting	en
w	ar
kolo	ar
rah	ar
ykoon	ar
tamam	ar

shsno	ar
el	ar
workout	en
el	ar
lyom	ar
chest	en
wala	ar
back	en

lyom	ar
3andna	ar
legs	en
w	ar
shoulder	en
w	ar
el	ar
wa93	ar
bad	en

ya	ar
sater	ar
legs	en
day	en
is	en
the	en
worst	en
experience	en
ever	en

true	en
bas	ar
lazem	ar
nstamer	ar
w	ar
nwsal	ar
el	ar
goal	en

anta	ar
taakul	ar
protein	en
kwayes	ar
ba3d	ar
el	ar
exercise	en

ey	ar
shribt	ar
protein	en
shake	en
w	ar
akalt	ar
chicken	en
breast	en

mumtaz	ar
kam	ar
scoop	en
tsta3mel	ar
in	en
every	en
drink	en

bas	ar
two	en
scoops	en
w	ar
kol	ar
shey	ar
تمام	ar

enta	ar
trkoo7	ar
el	ar
gym	en
elli	ar
fi	ar
qurtuba	ne
wala	ar
ghairtha	ar

la	ar
ana	ar
aaro7	ar
ox	ne
fitness	ne
el	ar
greef	ne

ah	ar
hathak	ar
el	ar
gym	en
واجد	ar
zain	ar
w	ar
equipment	en
new	en

sa7i7	ar
bas	ar
el	ar
z7ma	ar
feeh	ar
كتير	ar
el	ar
3asr	ar

3ashan	ar
heka	ar
ana	ar
aroo7	ar
early	en
morning	en
kol	ar
yom	ar

yalla	ar
see	en
you	en
later	en
w	ar
good	en
luck	en
in	en
your	en
training	en

mashallah	ar
shukran	ar
ya	ar
habibi	ar
w	ar
inshallah	ar
nshoofak	ar
qareeb	ar

good	en
morning	en
ya	ar
shabab	ar
mata	ar
el	ar
meeting	en

ana	ar
mosh	ar
fadel	ar
alla	ar
yoshtok	ar
sho	ar
hal	ar
pressure	en

please	en
send	en
el	ar
report	en
qabla	ar
ma	ar
teji	ar
el	ar
boss	en

yaani	ar
mesh	ar
hek	ar
shoghl	ar
kolo	ar
today	en
crazy	en

shabab	ar
men	ar
hon	ar
lal	ar
meeting	en
room	en
yalla	ar
bser3a	ar

bass	ar
akhlas	ar
el	ar
call	en
bkon	ar
ma3ak	ar
habibi	ar

min	ar
badlo	ar
el	ar
meeting	en
la	ar
bukra	ar
inshaallah	ar

tayeb	ar
shou	ar
ra2yak	ar
ne3mel	ar
quick	en
sync	en
hala	ar

shoghl	ar
el	ar
department	en
keteer	ar
ta3ban	ar
w	ar
mfi	ar
w2t	ar

fadi	ne
shof	ar
el	ar
presentation	en
w	ar
red	en
eli	ar
feedback	en

ya	ar
zalami	ar
el	ar
net	en
fasel	ar
w	ar
ana	ar
in	en
meeting	en

shokran	ar
ktir	ar
ala	ar
el	ar
help	en
wallah	ar
enti	ar
mumtaz	ar

mesh	ar
moshkile	ar
bnekhes	ar
el	ar
budget	en
book	en
later	en

lih	ar
ma	ar
haka	ar
ma3	ar
el	ar
client	en
3an	ar
el	ar
project	en

shabab	ar
min	ar
wared	ar
yjeena	ar
visitor	en
el	ar
yom	ar
el	ar
jome3a	ar

aywa	ar
samet	ar
el	ar
mic	en
enta	ar
w	ar
enta	ar
fe	ar
el	ar
meeting	en

ana	ar
rayeh	ar
ashrab	ar
coffee	en
w	ar
raje3	ar
bser3a	ar

lazem	ar
nehtafal	ar
lano	ar
khasetna	ar
el	ar
deal	en
el	ar
kebire	ar

shou	ar
ra2yak	ar
nbadel	ar
el	ar
office	en
w	ar
neq3ad	ar
honik	ar

sami	ne
shof	ar
el	ar
task	en
taba3i	ar
w	ar
khallina	ar
nkhales	ar

ya	ar
shabab	ar
ween	ar
el	ar
f6oor	ar
el	ar
yom	ar
ana	ar
hungry	en

lets	en
order	en
burger	en
min	ar
Shake	ne
Shack	ne
shno	ar
raykom	ar

la	ar
ana	ar
ma	ar
abi	ar
fast	en
food	en
lets	en
get	en
machboos	ar

ya	ar
akhi	ar
el	ar
traffic	en
wade	ar
saif	ar
khlina	ar
nocode	ne
delivery	en

talabt	ar
min	ar
Talabat	ne
wela	ar
ba3ad	ar
tfaKKar	ar

walla	ar
el	ar
pizza	en
from	en
Pizza	ne
Hut	ne
is	en
very	en
ladheedh	ar

shabab	ar
min	ar
yebi	ar
karak	ar
w	ar
sanbosa	ar
min	ar
el	ar
ma9aah	ar

my	en
stomach	en
is	en
y9arikh	ar
g9om	ar
request	en
dinner	en

khal	ar
nro7	ar
new	en
restaurant	en
fi	ar
The	ne
Avenues	ne

ana	ar
diet	en
please	en
order	en
healthy	en
salad	en
bas	ar

ya	ar
habibi	ar
el	ar
bill	en
ala	ar
meeen	ar
el	ar
leela	ar

open	en
Carriage	ne
app	en
w	ar
shoof	ar
shno	ar
available	en

ghadaana	ar
el	ar
yom	ar
machboos	ar
laham	ar
men	ar
Freej	ne
Swaileh	ne

yalla	ar
hurry	en
up	en
el	ar
driver	en
w9al	ar
el	ar
baab	ar

shno	ar
ra2ykom	ar
nekol	ar
meshwi	ar
min	ar
Mais	ne
Alghanim	ne

i	en
am	en
craving	en
kabsa	ar
haar	ar
with	en
daqqoos	ar

payment	en
kuna	ar
online	en
aw	ar
cash	en
when	en
it	en
arrives	en

haadha	ar
el	ar
mat3am	ar
delicious	en
bes	ar
prices	en
very	en
ghali	ar

la	ar
tnsa	ar
el	ar
extra	en
sauce	en
w	ar
diet	en
cola	en

inshalla	ar
el	ar
order	en
ysel	ar
qabli	ar
ma	ar
joo3	ar
yeqtlni	ar

ya	ar
shabab	ar
mata	ar
el	ar
midterm	en
el	ar
jaay	ar

wallah	ar
el	ar
drills	en
kill	en
ni	ar
kol	ar
yom	ar

ana	ar
ma	ar
fahamt	ar
shi	ar
min	ar
el	ar
lecture	en

yalla	ar
nero7	ar
el	ar
library	en
together	en
now	en

wen	ar
el	ar
assignment	en
el	ar
gadeem	ar

shno	ar
ha	ar
el	ar
material	en
el	ar
9a3b	ar

inshalla	ar
all	en
of	en
us	en
pass	en
el	ar
exam	en

fa	ar
zaalat	ar
la2anno	ar
el	ar
quiz	en
kan	ar
sa3b	ar

yaani	ar
enta	ar
ma	ar
darsit	ar
at	en
all	en

habibi	ar
bring	en
your	en
notes	en
ma3ak	ar

khalas	ar
i	en
will	en
drop	en
this	en
course	en

shlon	ar
el	ar
project	en
ma3	ar
el	ar
prof	en

la	ar
taotil	ar
ni	ar
i	en
am	en
busy	en

ay	ar
hall	en
question	en
is	en
so	en
confusing	en

min	ar
fadlak	ar
send	en
el	ar
pdf	en
li	ar

dr	en
ahmad	ne
gala	ar
el	ar
final	en
is	en
hard	en

shai	ar
mashoob	ar
in	en
my	en
schedule	en

tebroo	ar
ni	ar
el	ar
university	en
exams	en

marra	ar
easy	en
el	ar
test	en
kan	ar

book	en
el	ar
room	en
fast	en
for	en
study	en

salam	ar
ya	ar
7abibi	ar
shoof	ar
el	ar
application	en
feeh	ar
discount	en

ana	ar
ra7	ar
order	en
coffee	en
min	ar
starbucks	ne
tabi	ar
shay	ar

el	ar
delivery	en
driver	en
tawa	ar
wasal	ar
el	ar
bayt	ar
yalla	ar
enzal	ar

وين	ar
win	ar
el	ar
order	en
mata	ar
yoosal	ar
ta3abat	ar
min	ar
el	ar
wait	en

ro7	ar
el	ar
جمعية	ar
jam3iya	ar
w	ar
jib	ar
milk	en
w	ar
bread	en

kam	ar
total	en
el	ar
shopping	en
baddoor	ne
dafa3	ar
el	ar
flos	ar

talabti	ar
min	ar
shein	ne
wala	ar
lsa	ar
el	ar
sale	en
خلص	ar

tayeb	ar
shno	ar
el	ar
payment	en
method	en
el	ar
mawra	ar

el	ar
mall	en
z7ma	ar
kwayis	ar
ino	ar
talabna	ar
online	en

shlon	ar
el	ar
size	en
kbeer	ar
aw	ar
small	en
el	ar
qamees	ar

fahed	ne
shafat	ar
el	ar
new	en
collection	en
fi	ar
zara	ne

ba3d	ar
shwaya	ar
ra7	ar
yoosal	ar
el	ar
courier	en
inshalla	ar

leesah	ar
ma	ar
shat	ar
el	ar
receipt	en
la	ar
ah	ar
account	en

shari	ar
jacket	en
gadeem	ar
w	ar
abi	ar
one	en
badeel	ar

salam	ar
kif	ar
halak	ar
talabit	ar
noon	ne
wislat	ar

fee	ar
khesm	ar
3ala	ar
el	ar
delivery	en
fees	en
el	ar
yom	ar

la	ar
tawsil	ar
bلاش	ar
balash	ar
kan	ar
with	en
express	en
shipping	en

shno	ar
ra2yak	ar
bel	ar
brand	en
el	ar
jadeed	ar
hatha	ar

khalas	ar
kanasl	ar
el	ar
order	en
l2ano	ar
ta2khar	ar
kteer	ar

ya3ni	ar
momken	ar
nakhuth	ar
refund	en
law	ar
el	ar
item	en
khrab	ar

yalla	ar
geez	en
el	ar
bayt	ar
3ashan	ar
net3asha	ar
sawa	ar
today	en

khala	ar
fatma	ne
will	en
bring	en
laham	ar
meshwi	ar
haween	ar

wen	ar
enta	ar
ya	ar
akhi	ar
the	en
family	en
is	en
waiting	en
at	en
dubai	ne
mall	ne

my	en
amm	ar
called	en
me	en
w	ar
gal	ar
he	en
is	en
coming	en
min	ar
bo	ne
dhabi	ne

sho	ar
ra2ykom	ar
nero7	ar
nzor	ar
jadd	ar
baker	ne
bukra	ar

salam	ar
habibi	ar
did	en
you	en
see	en
wali	ne
el	ar
yoom	ar

khalto	ar
mariam	ne
cooked	en
machboos	ar
daam	ar
it	en
is	en
so	en
delicious	en

ya	ar
bint	ar
3amm	ar
please	en
send	en
me	en
the	en
pictures	en
min	ar
el	ar
wedding	en

shlon	ar
el	ar
hal	ar
w	ar
how	en
are	en
the	en
kids	en
doing	en
now	en

ana	ar
busy	en
ma3	ar
my	en
cousins	en
we	en
are	en
shopping	en
in	en
sharjah	ne

la	ar
tata	ar
lat	ar
tez3al	ar
we	en
will	en
visit	en
her	en
soon	en

khouya	ar
rashid	ne
bought	en
new	en
siyara	ar
mabrouk	ar
ya	ar
theeb	ar

ween	ar
el	ar
gatherings	en
el	ar
qadeema	ar
we	en
miss	en
them	en
all	en

mom	en
galat	ar
eno	ar
khal	ar
salem	ne
is	en
arriving	en
evening	en

yalla	ar
let	en
us	en
rooh	ar
el	ar
majlis	ar
to	en
greet	en
el	ar
shouyokh	ar

my	en
khti	ar
is	en
preparing	en
luqaimat	ar
right	en
now	en
ya	ar
salam	ar

sho	ar
akhbar	ar
el	ar
hal	ar
w	ar
el	ar
yas	ar
family	en

jaddti	ar
tقول	ar
come	en
early	en
3ashan	ar
lunch	en

yaani	ar
why	en
did	en
you	en
not	en
call	en
3ammti	ar
yesterday	en

inshallah	ar
we	en
will	en
meet	en
all	en
at	en
eid	ar
holiday	en

enta	ar
ha	ar
tezowar	ar
el	ar
3aila	ar
bokra	ar
wella	ar
eh	ar

mamty	ar
betes2al	ar
3alek	ar
ya	ar
habibi	ar
w	ar
betesalem	ar
3alek	ar

el	ar
gawz	ar
khalty	ar
ga	ar
el	ar
beit	ar
naharda	ar
w	ar
ga3ed	ar
ma3ana	ar

3amo	ar
sa3eed	ar
kalmny	ar
w	ar
hena	ar
we	ar
we	en
will	en
see	en
him	en
soon	en

ana	ar
rayeh	ar
el	ar
mahragan	ar
ma3	ar
ebn	ar
3amty	ar
el	ar
gamed	ar

mesh	ar
fadny	ar
b	ar
ay	ar
hagah	ar
men	ar
nasayeh	ar
gaddo	ar

el	ar
family	en
kolaha	ar
metgam3a	ar
3and	ar
gaddet	ar
fatma	ar
el	ar
yom	ar
el	ar
goma3	ar

ya	ar
gani	ar
batal	ar
kalm	ar
gatty	ar
bel	ar
telefon	ar
now	en

baba	ar
za3lan	ar
men	ar
bnt	ar
khalto	ar
ashan	ar
ma3redetsh	ar
el	ar
shoghl	ar

khalo	ar
mahmoud	ar
gabr	ar
a7san	ar
wahd	ar
fel	ar
3aila	ar
wallahy	ar

el	ar
kol	ar
wasal	ar
wel	ar
3ezouma	ar
bda2et	ar
without	en
you	en

marate	ar
3amy	ar
tabok	ar
aklo	ar
gamed	ar
gedan	ar
today	en

matensa	ar
tgeeb	ar
el	ar
hadiya	ar
ma3ak	ar
le	ar
bnt	ar
3amto	ar

ok	en
habibi	ar
ana	ar
ray7	ar
delwa2ty	ar
a2ood	ar
ma3	ar
gody	ar

fyn	ar
el	ar
kids	en
bota2	ar
wella	ar
lessa	ar
bte3labo	ar
barrah	ar

el	ar
a5ook	ar
el	ar
kebeer	ar
gat	ar
lo	ar
mowled	ar
kbeer	ar
min	ar
gddo	ar

momkn	ar
tetsel	ar
be	ar
khalto	ar
w	ar
tamen	ar
3aleha	ar
dah	ar
wajib	ar

mesh	ar
hategy	ar
el	ar
farah	ar
bta3	ar
ebn	ar
khaltak	ar
bokra	ar

ya	ar
ragel	ar
khaltk	ar
mabsota	ar
gedan	ar
men	ar
el	ar
gawz	ar
bntk	ar

ana	ar
w	ar
welad	ar
3amy	ar
ray7en	ar
el	ar
balad	ar
el	ar
goma3	ar
inshallah	ar

sho	ar
hal	ar
shob	ar
ya	ar
Sami	ne
we	en
are	en
dying	en

walla	ar
weather	en
today	en
kteer	ar
bikhawwif	ar
and	en
hot	en

i	en
cant	en
handle	en
hal	ar
heat	en
anymore	en
ya	ar
rab	ar

let	en
us	en
rooh	ar
3al	ar
bahr	ar
nekol	ar
ice	en
cream	en

ayre	ar
bi	ar
hal	ar
summer	en
so	en
damn	en
humid	en

l	ar
makayif	ar
kharab	ar
w	ar
ana	ar
am	ar
amoot	ar
hon	ar

ya	ar
zalami	ar
temperature	en
is	en
literally	en
forty	en
five	en

my	en
car	en
became	en
an	en
oven	en
wallah	ar
ya	ar
bayyi	ar

bas	ar
shwayy	ar
btehda	ar
shams	ar
bnrouh	ar
meshwar	ar

we	en
need	en
AC	en
in	en
every	en
corner	en
ya	ar
zohor	ne

shob	ar
kbeer	ar
w	ar
no	en
air	en
at	en
all	en
ya	ar
sahbi	ar

i	en
am	en
melting	en
walla	ar
from	en
hal	ar
shob	ar

ya	ar
shabab	ar
anyone	en
wants	en
to	en
escape	en
to	en
zaarour	ne

shams	ar
btehriq	ar
l	ar
wajh	ar
koll	ar
yom	ar
wallah	ar

please	en
turn	en
on	en
fan	en
bas	ar
sar3a	ar
kaman	ar

shob	ar
ykhrib	ar
baytak	ar
sho	ar
hal	ar
weather	en

kif	ar
am	ar
betdammoha	ar
w	ar
weather	en
is	en
so	en
hot	en

summer	en
in	en
beirut	ne
is	en
no	en
joke	en
ya	ar
gani	ne

ana	ar
da5eelak	ar
jib	ar
cold	en
water	en
ma3ak	ar

mesh	en
normal	en
l	ar
shob	ar
l	ar
yawmi	ar
ya	ar
basha	ar

ya	ar
rafi	ne
shoo	ar
el	ar
plans	en
la	ar
el	ar
weekend	en

kya	hi-ur
scene	en
hai	hi-ur
dubai	ne
mall	ne
chalna	hi-ur
hai	hi-ur
kya	hi-ur

yalla	ar
guys	en
let	en
us	en
go	en
to	en
yas	ne
mall	ne
tomorrow	en

wallah	ar
ana	ar
ta3ban	ar
bas	ar
the	en
food	en
court	en
sounds	en
good	en

yar	hi-ur
mujhe	hi-ur
bhi	hi-ur
chalna	hi-ur
hai	hi-ur
mohammad	ne
bhi	hi-ur
ayega	hi-ur

sho	ar
ra2ykom	ar
nirooh	ar
mall	ne
of	ne
the	ne
emirates	ne
tonight	en

the	en
traffic	en
there	en
is	en
always	en
heavy	en
ya	ar
sahbi	ar

tayeb	ar
we	en
can	en
take	en
the	en
metro	en
very	en
easy	en
boss	en

arey	hi-ur
metro	en
se	hi-ur
bohot	hi-ur
time	en
lagta	hi-ur
hai	hi-ur
nahin	hi-ur

zain	ar
kha	ar
nsheof	ar
new	en
collection	en
in	en
dubai	ne
hills	ne
mall	ne

yaar	hi-ur
wahan	hi-ur
ka	hi-ur
coffee	en
shop	en
bohot	hi-ur
mast	hi-ur
hai	hi-ur

khalas	ar
let	en
us	en
meet	en
at	en
four	en
pm	en
sharp	en

inshallah	ar
i	en
will	en
be	en
there	en
on	en
time	en
pakka	hi-ur

la	ar
shoo	ar
four	en
is	en
too	en
early	en
for	en
me	en

thoda	hi-ur
late	en
rakhte	hi-ur
hain	hi-ur
panch	hi-ur
baje	hi-ur
theek	hi-ur
hai	hi-ur

zen	ar
5alas	ar
at	en
five	en
near	en
the	en
main	en
gate	en

dekho	hi-ur
mujhe	hi-ur
shopping	en
nahi	hi-ur
karni	hi-ur
mujhe	hi-ur
sirf	hi-ur
khana	hi-ur
hai	hi-ur

ya	ar
habibi	ar
you	en
always	en
think	en
about	en
food	en
only	en

yalla	ar
see	en
you	en
guys	en
at	en
city	ne
centre	ne
mirdif	ne

done	en
boss	en
see	en
you	en
soon	en
bye	en
take	en
care	en

el	ar
gaw	ar
el	ar
naharda	ar
so	en
hot	en
wallah	ar
mesh	ar
قادر	ar
akmel	ar

ya	ar
sa7by	ar
el	ar
shams	ar
betola3	ar
el	ar
naharda	ar
takhawwaf	ar
giddan	ar

i	en
am	en
melting	en
men	ar
el	ar
7arr	ar
da	ar
mesh	ar
ma32oul	ar

mesh	ar
momken	ar
el	ar
rotoba	ar
aly	ar
giddan	ar
fe	ar
el	ar
sharonesh	ar

fala7	ar
el	ar
tarmostat	ar
bta3t	ar
el	ar
tafkier	ar
baoz	ar
min	ar
el	ar
7arr	ar

el	ar
mro7a	ar
mesh	ar
amala	ar
7aga	ar
el	ar
gaw	ar
ykhawaf	ar
yalla	ar
beena	ar

lets	en
rooh	ar
el	ar
ba7r	ar
delwa2ty	ar
wela	ar
eh	ar
ra2yak	ar

el	ar
shari3	ar
naharda	ar
kano	ar
focano	ar
far	en
temperature	en
ya	ar
sahebry	ar

ana	ar
hamos	ar
men	ar
el	ar
7arr	ar
el	ar
sha3ban	ar
dah	ar

el	ar
moham	ar
enna	ar
noshrob	ar
water	en
kteer	ar
wela	ar
eh	ar
ya	ar
ragol	ar

el	ar
7arr	ar
dah	ar
makes	en
me	en
lazy	en
giddan	ar
mesh	ar
a2dar	ar
ata7rak	ar

el	ar
taqs	ar
zay	ar
el	ar
foorn	ar
el	ar
naharda	ar
w	ar
el	ar
gaw	ar
moheek	ar

i	en
cant	en
breathe	en
min	ar
el	ar
rotoba	ar
el	ar
zalamt	ar
el	ar
donia	ar

ya	ar
rab	ar
elta6f	ar
3alena	ar
w	ar
nwassel	ar
el	ar
sherita	ar

el	ar
ac	en
shaghal	ar
toul	ar
el	ar
yom	ar
w	ar
bardo	ar
el	ar
7arr	ar
bardo	ar

el	ar
saif	ar
da	ar
is	en
so	en
overrated	en
wallah	ar
el	ar
3azem	ar

mesh	ar
ha3raf	ar
akhrog	ar
gabl	ar
el	ar
maghreb	ar
b	ar
sabab	ar
el	ar
shems	ar

let	en
us	en
stay	en
home	en
w	ar
neshrab	ar
7aga	ar
sa23a	ar
kwayes	ar

el	ar
shams	ar
battekh	ar
el	ar
ras	ar
w	ar
ana	ar
dakhalet	ar
fi	ar
gnoon	ar

el	ar
gaw	ar
da	ar
ye7tag	ar
khibra	ar
3ashan	ar
net7amal	ar
el	ar
7arr	ar

ya	ar
shabab	ar
matta	ar
el	ar
final	en
exam	en
ba3d	ar
bukra	ar

wala	ar
shai	ar
dirit	ar
wallah	ar
ana	ar
khaiif	ar
min	ar
el	ar
result	en

dr	en
fahed	ne
gal	ar
el	ar
quiz	en
sahal	ar
bas	ar
ma	ar
sidq	ar

yalla	ar
nrooh	ar
el	ar
library	en
nrakiz	ar
gabel	ar
el	ar
lecture	en

shlon	ar
el	ar
project	en
m3a	ar
professor	en
sami	ne
خلصته	ar

khallina	ar
nidris	ar
computer	en
science	en
sawa	ar
el	ar
night	en

aysh	ar
el	ar
chapters	en
el	ar
makhsoosa	ar
fee	ar
test	en
alyoum	ar

ma	ar
fih	ar
waqt	ar
nnam	ar
el	ar
assignments	en
kthira	ar
marrah	ar

ya	ar
sahbi	ar
jib	ar
maak	ar
extra	en
pens	en
lano	ar
galami	ar
kharab	ar

shnu	ar
el	ar
answer	en
haag	ar
question	en
number	en
four	en

insha2allah	ar
kul	ar
na	ar
nafs	ar
get	en
A	en
plus	en
fi	ar
math	en

wen	ar
intas	ar
ya	ar
rajul	ar
el	ar
lecture	en
started	en
min	ar
ten	en
minutes	en

ana	ar
nasit	ar
ween	ar
hall	ar
el	ar
exam	en
hall	ar
building	en
b	en

fahem	ar
she	ar
min	ar
el	ar
physics	en
lecture	en
wala	ar
bas	ar
ana	ar
daye3	ar

ya3ni	ar
lazim	ar
nroh	ar
early	en
gabel	ar
zahmat	ar
el	ar
parking	en

khall	ar
nshoof	ar
el	ar
schedule	en
marra	ar
thanya	ar
bel	ar
portal	en

galu	ar
el	ar
midterm	en
will	en
be	en
very	en
difficult	en
this	en
semester	en

yallah	ar
ana	ar
waiting	en
lak	ar
gudam	ar
el	ar
cafeteria	en

esh	ar
rayak	ar
nsharib	ar
gahwa	ar
gabel	ar
el	ar
accounting	en
class	en

wallah	ar
el	ar
doctor	en
tayeb	ar
w	ar
aid	ar
el	ar
students	en
kteer	ar

booked	en
tathkeret	ar
Dubai	ne
w	ar
ready	en
lel	ar
safar	ar
yalla	ar
habibi	ar

sho	ar
ra2yik	ar
nsafir	ar
London	ne
this	en
weekend	en
ya	ar
Rashid	ne

lazem	ar
nwasel	ar
airport	en
early	en
la2ano	ar
traffic	en
واجد	ar

baggages	en
malati	ar
heavy	en
w	ar
ma	ar
a3raf	ar
shu	ar
asawwi	ar

وين	ar
passport	en
mali	ar
i	en
cannot	en
find	en
it	en
anywhere	en

flight	en
delay	en
sa3ah	ar
kamla	ar
w	ar
ne7na	ar
ga3din	ar
hna	ar

boarding	en
pass	en
min	ar
app	en
ma	ar
yishta3'al	ar
shu	ar
hal	ar
halah	ar

lets	en
go	en
duty	en
free	en
neshtari	ar
shwayy	ar
gahwah	ar

ana	ar
in	en
business	en
class	en
today	en
al7amdellah	ar
ya	ar
sayegh	ne

taxsi	ar
delayed	en
w	ar
khayif	ar
we	en
miss	en
our	en
flight	en

shlon	ar
weather	en
fi	ar
Bangkok	ne
now	en
bard	ar
wala	ar
har	ar

seat	en
mali	ar
ganb	ar
el	ar
window	en
w	ar
viewing	en
nice	en

baggage	en
claim	en
z7mah	ar
kbeerah	ar
nekhles	ar
w	ar
neroh	ar

ticket	en
price	en
ghali	ar
marrah	ar
this	en
season	en
wallah	ar

yalla	ar
shabab	ar
let	en
us	en
move	en
to	en
the	en
gate	en

ana	ar
nsit	ar
shahin	ar
el	ar
phone	en
fi	ar
el	ar
hotel	en

transit	en
fi	ar
Doha	ne
takes	en
three	en
hours	en
ta3ban	ar
wallah	ar

book	en
hotel	en
near	en
airport	en
3ashan	ar
al	ar
sob7	ar
flight	en

ya	ar
gama3a	ar
el	ar
match	en
el	ar
da	ar
kan	ar
gamed	ar
gedan	ar

men	ar
el	ar
akher	ar
el	ar
team	en
da	ar
faSl	ar
khalsan	ar

hany	ne
el	ar
referee	en
da	ar
a3ma	ar
wala	ar
eih	ar

sheft	ar
el	ar
goal	en
el	ar
tany	ar
ya	ar
saheb	ar
el	ar
balad	ar

ana	ar
mesh	ar
fahem	ar
el	ar
coach	en
betla3	ar
مين	ar
dah	ar

el	ar
defense	en
el	ar
naharda	ar
zay	ar
el	ar
zebda	ar

alla	ar
ala	ar
el	ar
skillz	en
el	ar
3aly	ar
dah	ar

yalla	ar
bena	ar
nenshab	ar
el	ar
match	en
f	ar
el	ar
ahwa	ar

ahlan	ar
awy	ar
el	ar
stadium	en
kan	ar
malyan	ar
nas	ar

el	ar
player	en
da	ar
msh	ar
bygawob	ar
3ala	ar
حد	ar

kolo	ar
yekol	ar
el	ar
tasali	ar
w	ar
lets	en
watch	en
el	ar
game	en

da	ar
penalty	en
wade7	ar
gedan	ar
ya	ar
gama3a	ar

mesh	ar
msadda2	ar
en	ar
el	ar
team	en
khasl	ar
el	ar
match	en

el	ar
captain	en
el	ar
kbeer	ar
da	ar
ostora	ar

el	ar
corner	en
kanet	ar
momtaza	ar
bas	ar
el	ar
harras	ar
da	ar
haeel	ar

lahza	ar
keda	ar
el	ar
var	en
bygoul	ar
eih	ar

insha2allah	ar
el	ar
ahly	ne
hya5od	ar
el	ar
cup	en

zamalek	ne
fans	en
zalanin	ar
gedan	ar
el	ne
yom	ar
da	ar

ya	ar
rajel	ar
raml	ar
da	ar
foul	en
sareeh	ar

el	ar
season	en
da	ar
wel	ar
league	en
molla3	ar
khalsan	ar

ya	ar
shabab	ar
mata	ar
flight	en
kum	ar
baker	en

ana	ar
khala9	ar
arfi	ar
at	en
airport	en
waiting	en
for	en
gate	en
open	en

wine	ar
kuwait	ne
airline	ne
counter	en
ya	ar
group	en

baggage	en
weight	en
oversize	en
wallah	ar
mushkila	ar
kabeera	ar

ticket	en
booking	en
confirmed	en
w	ar
boarding	en
pass	en
ma3i	ar

shlon	ar
traffic	en
towards	en
terminal	en
one	en
guys	en

passport	en
control	en
zahmat	ar
marra	ar
yalla	ar
asr3o	ar

tax	en
free	en
shopping	en
ba3d	ar
security	en
check	en

delay	en
one	en
hour	en
la	ar
tnsa	ar
coffee	en

transit	en
in	en
dubai	ne
airport	en
tab3an	ar
kull	ar
tammam	ar

baku	ne
trip	en
inshaallah	ar
next	en
week	en
ya	ar
3yal	ar

seat	en
number	en
twelve	en
a	en
window	en
side	en

hurry	en
up	en
driver	en
tafkheer	ar
ala	ar
alkhutoot	ar

lounge	en
free	en
food	en
zeen	ar
w	ar
barid	ar

flight	en
cancelled	en
shnu	ar
hal	ar
kalam	ar
ya	ar
satr	ne

taxi	en
order	en
min	ar
app	en
w	ar
rooh	ar
airport	en

emergency	en
exit	en
makan	ar
was3	ar
w	ar
murayeh	ar

flight	en
number	en
qr	ne
one	en
four	en
seven	en

baggage	en
claim	en
area	en
wain	ar
ya	ar
shabab	ar

airport	en
wifi	en
speed	en
mumtaz	ar
wa	ar
saree3	ar

yalla	ar
ya	ar
zalami	ar
we	en
are	en
waiting	en
for	en
hours	en

shu	ar
hal	ar
khibri	ar
ya	ar
Ziad	ne
are	en
you	en
sleeping	en

lak	ar
enta	ar
kṯir	ar
funny	en
wallah	ar
i	en
can	en
not	en
stop	en
laughing	en

ya	ar
zalameh	ar
stop	en
lying	en
we	en
know	en
the	en
truth	en

shou	ar
ha	ar
habal	ar
seriously	en
are	en
you	en
out	en
of	en
your	en
mind	en

bas	ar
enta	ar
kbeer	ar
majnoon	ar
i	en
swear	en
to	en
god	en

ya	ar
3ayb	ar
shum	ar
hala	ar
why	en
did	en
you	en
do	en
that	en

walla	ar
ma	ar
khassni	ar
it	en
was	en
his	en
idea	en
habibi	ar

lak	ar
khaliha	ar
3ala	ar
allah	ar
everything	en
is	en
a	en
total	en
mess	en

shuf	ar
ma	ar
azkaki	ar
you	en
think	en
you	en
are	en
so	en
smart	en

ya	ar
5ayyi	ar
leave	en
him	en
alone	en
huwwi	ar
mesh	ar
fahem	ar
shi	ar

kif	ar
baddak	ar
niyjih	ar
and	en
you	en
did	en
not	en
even	en
study	en

ya	ar
zalameh	ar
we	en
are	en
just	en
playing	en
la	ar
ta3melha	ar
qissah	ar

shou	ar
ra2yak	ar
we	en
order	en
pizza	en
w	ar
nakhod	ar
break	en

ya	ar
habibi	ar
you	en
always	en
arrive	en
late	en
shu	ar
hal	ar
7ali	ar

khalas	ar
ana	ar
going	en
home	en
ma	ar
fi	ar
amal	ar
fik	ar

ya	ar
3eeb	ar
shum	ar
ta3mel	ar
heik	ar
in	en
front	en
of	en
everyone	en

shuf	ar
hal	ar
manzara	ar
look	en
at	en
your	en
hair	en
habibi	ar

lak	ar
wallah	ar
i	en
am	en
dying	en
of	en
hunger	en
yalla	ar
move	en

shu	ar
hatha	ar
el	ar
klam	ar
are	en
you	en
even	en
listening	en
to	en
me	en

salam	ar
ya	ar
shabab	ar
min	ar
raye7	ar
el	ar
gym	en
el	ar
yoom	ar

ana	ar
mista3id	ar
lil	ar
workout	en
بس	ar
el	ar
shoulder	en
ta3ban	ar

yalla	ar
let	en
us	en
go	en
to	en
gold	ne
gym	en
el	ar
sa3a	ar
sab3a	ar

shno	ar
el	ar
protein	en
illi	ar
tistakhdimah	ar
ya	ar
fahed	ne

alsalamu	ar
alaykum	ar
any	en
good	en
diet	en
recommendations	en
ya	ar
raba3	ar

kafin	ar
kalsadi	ar
i	en
am	en
so	en
exhausted	en
from	en
leg	en
day	en

la	ar
twasal	ar
failure	en
bi	ar
kul	ar
set	en
because	en
you	en
will	en
burn	en
out	en

bnt	ar
nashrab	ar
kahwa	ar
gabel	ar
el	ar
exercise	en
wella	ar
la2	ar

ay	ar
club	en
tروح	ar
in	en
kuwait	ne
el	ar
yoom	ar

shlon	ar
el	ar
cardio	en
ma3ak	ar
ya	ar
bousahel	ne

i	en
need	en
to	en
cut	en
bas	ar
el	ar
akil	ar
laziz	ar

ween	ar
el	ar
motivation	en
today	en
ana	ar
kaslan	ar

shiftha	ar
new	en
supplement	en
shop	en
fi	ar
salmiya	ne

al	ar
mushkila	ar
eno	ar
sleep	en
schedule	en
kharabaneh	ar

jum	ar
weight	en
rafa3t	ar
el	ar
yoom	ar
ya	ar
batal	ar

let	en
us	en
do	en
heavy	en
bench	en
press	en
el	ar
yoom	ar

ya	ar
walad	ar
hydration	en
very	en
important	en
during	en
exercise	en

ana	ar
ma	ar
aheb	ar
morning	en
workouts	en
abadan	ar

shno	ar
rayak	ar
bi	ar
crossfit	en
tamarin	ar

inshaallah	ar
reach	en
my	en
goal	en
soon	en
ya	ar
sahbi	ar

ya	ar
zalami	ar
ankalat	ar
bi	ar
math	en
exam	en
toos	ar

kif	ar
kan	ar
el	ar
physics	en
lecture	en
el	ar
yom	ar

wala	ar
shi	ar
fhemto	ar
men	ar
el	ar
professor	en

yalla	ar
neroh	ar
3a	ar
library	en
nødros	ar
sawa	ar

shu	ar
ra2yak	ar
bel	ar
project	en
deadline	en

ma	ar
3andi	ar
w2t	ar
la	ar
eno	ar
a3mel	ar
review	en

dr	en
sami	ne
ajjal	ar
el	ar
quiz	en
la	ar
bokra	ar

ya	ar
rabb	ar
naje7	ar
bel	ar
organic	en
chemistry	en

ween	ar
enta	ar
sa7bi	ar
el	ar
lecture	en
baddaha	ar
tenbe	ar

kteer	ar
sa3b	ar
el	ar
midterm	en
wallah	ar

badde	ar
coffee	en
bass	ar
ma	ar
ma3e	ar
masari	ar

min	ar
ween	ar
bna5od	ar
el	ar
notes	en
taba3	ar
computer	en
science	en

inshalla	ar
nokoshas	ar
high	en
grades	en
el	ar
fasl	ar
hada	ar

shou	ar
ra2yak	ar
neroh	ar
cafeteria	en
nakol	ar
shi	ar

tayeb	ar
bades	ar
aroo7	ar
home	en
anamos	ar

ya	ar
zalami	ar
el	ar
attendance	en
mandatory	en

ana	ar
ma	ar
fhemto	ar
shi	ar
men	ar
el	ar
algorithm	en
chapter	en

kamaal	ne
ba3at	ar
el	ar
pdf	en
3al	ar
group	en

alla	ar
yensa3edna	ar
bel	ar
final	en
exams	en

marwan	ne
kal	ar
eno	ar
el	ar
exam	en
easy	en

ya	ar
gani	ne
inta	ar
raye7	ar
el	ar
mall	en
wala	ar
eh	ar

ana	ar
hro7	ar
shwaya	ar
keda	ar
ashan	ar
agib	ar
shwayet	ar
aghrad	ar

yarit	ar
tgeb	ar
ma3ak	ar
shwaya	ar
snacks	en
from	en
coop	ne

ya	ar
sahbi	ar
el	ar
delivery	en
bat2	ar
giddan	ar
el	ar
yom	ar
da	ar

bos	ar
ana	ar
talabt	ar
min	ar
noon	ne
w	ar
el	ar
order	en
wasal	ar
baddri	ar

wala	hi-ur
bhai	hi-ur
amazon	ne
asra3	ar
kteer	ar
fi	ar
el	ar
khadamat	ar

mesh	ar
kda	ar
ya	ar
faizan	ne
el	ar
shipping	en
bikhos	ar
gali	ar

tayeb	ar
kalam	ar
dah	ar
sahih	ar
bass	ar
el	ar
discounts	en
helwa	ar

ya	ar
ragel	ar
shof	ar
el	ar
price	en
tahat	ar
el	ar
tribute	en

khallas	ar
ana	ar
rakeb	ar
el	ar
car	en
w	ar
rayeh	ar
carrefour	ne

mumken	ar
tshof	ar
iza	ar
fi	ar
offers	en
3ala	ar
el	ar
milk	en

akid	ar
ya	ar
baba	ar
w	ar
كمان	ar
bread	en
fresh	en

el	ar
driver	en
wasal	ar
w	ar
wa2ef	ar
barra	ar
el	ar
beit	ar

tayeb	ar
nazel	ar
ahod	ar
meno	ar
el	ar
bag	en
el	ar
kbira	ar

shokran	ar
ya	ar
sahbi	ar
enta	ar
ragel	ar
gamed	ar
giddan	ar

afwan	ar
yalla	ar
ftah	ar
el	ar
babe	ar
ashan	ar
el	ar
barid	ar

akul	ar
eh	ar
el	ar
sa3a	ar
di	ar
el	ar
supermarket	en
gفل	ar

la2	ar
lsa	ar
fatha	ar
lehad	ar
el	ar
sa3a	ar
itnien	ar
el	ar
sobh	ar

kul	hi-ur
cheez	hi-ur
hum	hi-ur
ya	ar
zamel	ar
w	ar
nam	hi-ur

bukra	ar
enshalla	ar
hnro7	ar
l	ar
dubai	ne
mall	en
sawa	ar

ya	ar
raba	ar
el	ar
jow	ar
el	ar
yoom	ar
mortabe	ar
bas	ar
crazy	en

Dubai	ne
weather	en
today	en
is	en
literally	en
a	en
sauna	en
wallah	ar
ma	ar
agdar	ar

my	en
AC	en
broke	en
down	en
fi	ar
hatha	ar
el	ar
7arr	ar
sho	ar
sawi	ar

ya	ar
rabe	ar
el	ar
shams	ar
bt7roq	ar
el	ar
wyeh	ar
bara	ar

leaving	en
the	en
house	en
fi	ar
hath	ar
el	ar
sid	ar
feels	en
illegal	en

el	ar
humidity	en
el	ar
yoom	ar
tebtel	ar
el	ar
nafs	ar
wallah	ar

ana	ar
mali	ar
khaleeq	ar
طلع	ar
brra	ar
in	en
this	en
heat	en

let	en
us	en
stay	en
indoors	en
w	ar
nensaa	ar
el	ar
7arr	ar

el	ar
makatif	ar
kolha	ar
melted	en
mn	ar
el	ar
qai	ar

my	en
car	en
seats	en
are	en
burning	en
ya	ar
zamel	ar

tal3a	ar
el	ar
9e9	ar
btshabbab	ar
el	ar
dimagh	ar

summer	en
hna	ar
is	en
no	en
joke	en
ya	ar
akhi	ar

el	ar
jaww	ar
fi	ar
Abu	ne
Dhabi	ne
is	en
too	en
much	en

wallah	ar
el	ar
fan	en
cannot	en
save	en
us	en
today	en

shlon	ar
bntwasal	ar
w	ar
el	ar
jow	ar
heek	ar

turn	en
on	en
el	ar
AC	en
ala	ar
lowest	en
speed	en

el	ar
shams	ar
btwljaa	ar
el	ar
ras	ar
min	ar
el	ar
9o7r	ar

i	en
am	en
melting	en
bas	ar
sitting	en
hina	ar

la	ar
tethrro	ar
tla	ar
bra	ar
el	ar
jow	ar
mohrig	ar

yallah	ar
let	en
us	en
nendah	ar
cold	en
water	en

ya	ar
raba3	ar
shlonkom	ar
el	ar
playstation	ne
update	en
nayef	ne

yalla	ar
bana	hi-ur
pubg	ne
khelte	hi-ur
hain	hi-ur
aj	hi-ur
raat	hi-ur

wala	ar
ana	ar
ma	ar
3andi	ar
storage	en
bal	ar
phone	en
gami	hi-ur

arey	hi-ur
bhai	hi-ur
delete	en
karo	hi-ur
wo	hi-ur
faltu	hi-ur
apps	en

shnu	ar
hal	ar
lag	en
ya	ar
akhi	ar
mesh	hi-ur
chal	hi-ur
raha	hi-ur

wifi	en
speed	en
ekdum	hi-ur
slow	en
ho	hi-ur
gayi	hi-ur
dubai	ne
mein	hi-ur

tayeb	ar
sawvi	ar
restart	en
ha	hi-ur
phone	en
ka	hi-ur
jaldi	hi-ur

khalas	ar
main	hi-ur
downloading	en
pe	hi-ur
lagaya	hi-ur
new	en
game	en

ya	ar
zamel	ar
hadha	ar
game	en
bohot	hi-ur
heavy	en
hai	hi-ur

iphone	ne
battery	en
drain	en
ho	hi-ur
rahi	hi-ur
meri	hi-ur
kasam	hi-ur

la	ar
wallah	ar
samsung	ne
screen	en
is	en
much	en
better	en

kya	hi-ur
bol	hi-ur
raha	hi-ur
hai	hi-ur
apple	ne
ka	hi-ur
maja	hi-ur
alag	hi-ur
hai	hi-ur

shof	ar
hadha	ar
clip	en
ana	ar
sent	en
whatsapp	ne

abhi	hi-ur
check	en
karta	hi-ur
hu	hi-ur
ruk	hi-ur
yar	hi-ur
thoda	hi-ur

audio	en
call	en
par	hi-ur
aao	hi-ur
discord	ne
pe	hi-ur
jaldi	hi-ur

ma	ar
agdar	ar
amma	ar
mum	en
is	en
calling	en
mujhe	hi-ur

bas	ar
5alas	ar
kal	hi-ur
khelenge	hi-ur
valorant	ne
subah	hi-ur

inshallah	ar
kal	hi-ur
mil	hi-ur
karte	hi-ur
hain	hi-ur
cafe	en
mein	hi-ur

pakka	hi-ur
nahin	hi-ur
to	hi-ur
phone	en
pe	hi-ur
connect	en
rahenge	hi-ur

yalla	ar
good	en
night	en
sabhi	hi-ur
ko	hi-ur
shubhratri	hi-ur

yaa	ar
sa7bi	ar
baker	ne
match	en
fi	ar
stad	ar
zayed	ne
wela	ar
kif	hi-ur

yalla	ar
kitaab	hi-ur
tickets	en
qabli	ar
ma	ar
khatam	hi-ur
kul	ar
seat	en

bro	en
ana	ar
ma	ar
khaas	ar
rouh	ar
li	ar
dubai	ne
aaj	hi-ur
due	en
traffic	en

shj	ne
team	en
ka	hi-ur
defense	en
bil	ar
mara	ar
weak	en
khara	ar

waahid	ar
goal	en
bas	ar
aur	hi-ur
we	en
win	en
the	en
league	en

rai	ar
karna	hi-ur
is	en
not	en
easy	en
against	en
ain	ne
club	en

sho	ar
hadha	ar
referee	en
pagal	hi-ur
hai	hi-ur
wala	ar
shlon	ar

alnassr	ne
match	en
kal	hi-ur
hai	hi-ur
khaas	ar
tiji	ar
maana	hi-ur

ya	ar
akhi	ar
ronaldo	ne
ka	hi-ur
form	en
ekdam	hi-ur
top	en
li	ar
you	en

khalas	ar
ana	ar
book	en
kardiya	hi-ur
ground	en
near	en
beach	en

weekend	en
ko	hi-ur
hum	hi-ur
khelenge	hi-ur
match	en
fi	ar
yas	ne
island	en

subhanallah	ar
what	en
a	en
header	en
from	en
mabkhout	ne
yar	hi-ur

jaldi	hi-ur
aao	hi-ur
match	en
shuru	hi-ur
ho	hi-ur
raha	hi-ur
hai	hi-ur
daima	ar

la	ar
wallah	ar
ref	en
ki	hi-ur
decision	en
bil	ar
mara	ar
wrong	en

shj	ne
stadium	en
mein	hi-ur
parking	en
nahi	hi-ur
milti	hi-ur
abadan	ar

inshaallah	ar
we	en
will	en
beat	en
sharjah	ne
kal	hi-ur
pakka	hi-ur

coach	en
ne	hi-ur
strategy	en
change	en
kardi	hi-ur
aini	ar
bad	en

kal	hi-ur
subh	ar
training	en
hai	hi-ur
donot	en
late	en
ya	ar
sahbi	ar

wah	ar
kya	hi-ur
shot	en
tha	hi-ur
wallah	ar
incredible	en
skill	en

match	en
ke	hi-ur
baad	hi-ur
chai	hi-ur
pe	hi-ur
milte	hi-ur
hain	hi-ur
bas	ar
